username,password,firstname,lastname,address1,address2
swastikp28,sipusipu28,Adil,Kumar,Unit-6,Chennai
swastikp29,sipusipu29,Chris,Moody,Unit-9,Hyderabad
swastikp30,sipusipu30,Mamoon,Shaik,Unit-10,Mumbai
swastikp43,sipusipu43,Yudhajit,Tiwary,Unit-1,Bangalore
swastikp44,sipusipu44,Yaman,Sharma,Unit-2,Patna
swastikp45,sipusipu45,Abhisek,Patil,Unit-3,Pune
swastikp58,sipusipu58,Adil,Kumar,Unit-6,Chennai
swastikp59,sipusipu59,Chris,Moody,Unit-9,Hyderabad
swastikp60,sipusipu60,Mamoon,Shaik,Unit-10,Mumbai
swastikp73,sipusipu73,Yudhajit,Tiwary,Unit-1,Bangalore
swastikp74,sipusipu74,Yaman,Sharma,Unit-2,Patna
swastikp75,sipusipu75,Abhisek,Patil,Unit-3,Pune
swastikp88,sipusipu88,Adil,Kumar,Unit-6,Chennai
swastikp89,sipusipu89,Chris,Moody,Unit-9,Hyderabad
swastikp90,sipusipu90,Mamoon,Shaik,Unit-10,Mumbai
swastikp103,sipusipu103,Shravan,Adhikary,Unit-8,New Delhi
swastikp104,sipusipu104,Yudhajit,Tiwary,Unit-1,Bangalore
swastikp105,sipusipu105,Yaman,Sharma,Unit-2,Patna
swastikp118,sipusipu118,Rahul,Chopra,Unit-4,Kolkata
swastikp119,sipusipu119,Adil,Kumar,Unit-6,Chennai
swastikp120,sipusipu120,Chris,Moody,Unit-9,Hyderabad
swastikp133,sipusipu133,Shravan,Adhikary,Unit-8,New Delhi
swastikp134,sipusipu134,Yudhajit,Tiwary,Unit-1,Bangalore
swastikp135,sipusipu135,Yaman,Sharma,Unit-2,Patna
swastikp148,sipusipu148,Rahul,Chopra,Unit-4,Kolkata
swastikp149,sipusipu149,Adil,Kumar,Unit-6,Chennai
swastikp150,sipusipu150,Chris,Moody,Unit-9,Hyderabad
swastikp151,sipusipu151,Yudhajit,Tiwary,Unit-1,Bangalore
swastikp152,sipusipu152,Yaman,Sharma,Unit-2,Patna
swastikp153,sipusipu153,Abhisek,Patil,Unit-3,Pune
swastikp154,sipusipu154,Adil,Kumar,Unit-6,Chennai
swastikp155,sipusipu155,Chris,Moody,Unit-9,Hyderabad
swastikp156,sipusipu156,Mamoon,Shaik,Unit-10,Mumbai
swastikp157,sipusipu157,Yudhajit,Tiwary,Unit-1,Bangalore
swastikp158,sipusipu158,Yaman,Sharma,Unit-2,Patna
swastikp159,sipusipu159,Abhisek,Patil,Unit-3,Pune
swastikp160,sipusipu160,Adil,Kumar,Unit-6,Chennai
swastikp161,sipusipu161,Chris,Moody,Unit-9,Hyderabad
swastikp162,sipusipu162,Mamoon,Shaik,Unit-10,Mumbai
swastikp163,sipusipu163,Yudhajit,Tiwary,Unit-1,Bangalore
swastikp164,sipusipu164,Yaman,Sharma,Unit-2,Patna
swastikp165,sipusipu165,Abhisek,Patil,Unit-3,Pune
swastikp166,sipusipu166,Adil,Kumar,Unit-6,Chennai
swastikp168,sipusipu168,Mamoon,Shaik,Unit-10,Mumbai
swastikp169,sipusipu169,Shravan,Adhikary,Unit-8,New Delhi
swastikp170,sipusipu170,Yudhajit,Tiwary,Unit-1,Bangalore
swastikp171,sipusipu171,Yaman,Sharma,Unit-2,Patna
swastikp172,sipusipu172,Rahul,Chopra,Unit-4,Kolkata
swastikp173,sipusipu173,Adil,Kumar,Unit-6,Chennai
swastikp174,sipusipu174,Chris,Moody,Unit-9,Hyderabad
swastikp175,sipusipu175,Shravan,Adhikary,Unit-8,New Delhi
swastikp176,sipusipu176,Yudhajit,Tiwary,Unit-1,Bangalore
swastikp177,sipusipu177,Yaman,Sharma,Unit-2,Patna
swastikp178,sipusipu178,Rahul,Chopra,Unit-4,Kolkata
swastikp179,sipusipu179,Adil,Kumar,Unit-6,Chennai
swastikp180,sipusipu180,Chris,Moody,Unit-9,Hyderabad
swastikp181,sipusipu181,Yudhajit,Tiwary,Unit-1,Bangalore
swastikp182,sipusipu182,Yaman,Sharma,Unit-2,Patna
swastikp183,sipusipu183,Abhisek,Patil,Unit-3,Pune
swastikp184,sipusipu184,Adil,Kumar,Unit-6,Chennai
swastikp185,sipusipu185,Chris,Moody,Unit-9,Hyderabad
swastikp186,sipusipu186,Mamoon,Shaik,Unit-10,Mumbai
swastikp187,sipusipu187,Yudhajit,Tiwary,Unit-1,Bangalore
swastikp188,sipusipu188,Yaman,Sharma,Unit-2,Patna
swastikp189,sipusipu189,Abhisek,Patil,Unit-3,Pune
swastikp190,sipusipu190,Adil,Kumar,Unit-6,Chennai
swastikp191,sipusipu191,Chris,Moody,Unit-9,Hyderabad
swastikp192,sipusipu192,Mamoon,Shaik,Unit-10,Mumbai
swastikp193,sipusipu193,Yudhajit,Tiwary,Unit-1,Bangalore
swastikp194,sipusipu194,Yaman,Sharma,Unit-2,Patna
swastikp195,sipusipu195,Abhisek,Patil,Unit-3,Pune
swastikp196,sipusipu196,Adil,Kumar,Unit-6,Chennai
swastikp197,sipusipu197,Chris,Moody,Unit-9,Hyderabad
swastikp198,sipusipu198,Mamoon,Shaik,Unit-10,Mumbai
swastikp199,sipusipu199,Shravan,Adhikary,Unit-8,New Delhi
swastikp200,sipusipu200,Yudhajit,Tiwary,Unit-1,Bangalore
swastikp201,sipusipu201,Yaman,Sharma,Unit-2,Patna
swastikp202,sipusipu202,Rahul,Chopra,Unit-4,Kolkata
swastikp203,sipusipu203,Adil,Kumar,Unit-6,Chennai
swastikp206,sipusipu206,Yudhajit,Tiwary,Unit-1,Bangalore
swastikp207,sipusipu207,Yaman,Sharma,Unit-2,Patna
swastikp208,sipusipu208,Rahul,Chopra,Unit-4,Kolkata
swastikp209,sipusipu209,Adil,Kumar,Unit-6,Chennai
swastikp210,sipusipu210,Chris,Moody,Unit-9,Hyderabad
swastikp211,sipusipu211,Yudhajit,Tiwary,Unit-1,Bangalore
swastikp212,sipusipu212,Yaman,Sharma,Unit-2,Patna
swastikp214,sipusipu214,Adil,Kumar,Unit-6,Chennai
swastikp215,sipusipu215,Chris,Moody,Unit-9,Hyderabad
swastikp216,sipusipu216,Mamoon,Shaik,Unit-10,Mumbai
swastikp217,sipusipu217,Yudhajit,Tiwary,Unit-1,Bangalore
swastikp218,sipusipu218,Yaman,Sharma,Unit-2,Patna
swastikp219,sipusipu219,Abhisek,Patil,Unit-3,Pune
swastikp220,sipusipu220,Adil,Kumar,Unit-6,Chennai
swastikp221,sipusipu221,Chris,Moody,Unit-9,Hyderabad
swastikp222,sipusipu222,Mamoon,Shaik,Unit-10,Mumbai
swastikp223,sipusipu223,Yudhajit,Tiwary,Unit-1,Bangalore
swastikp224,sipusipu224,Yaman,Sharma,Unit-2,Patna
swastikp225,sipusipu225,Abhisek,Patil,Unit-3,Pune
swastikp226,sipusipu226,Adil,Kumar,Unit-6,Chennai
swastikp227,sipusipu227,Chris,Moody,Unit-9,Hyderabad
swastikp228,sipusipu228,Mamoon,Shaik,Unit-10,Mumbai
swastikp229,sipusipu229,Shravan,Adhikary,Unit-8,New Delhi
swastikp230,sipusipu230,Yudhajit,Tiwary,Unit-1,Bangalore
swastikp231,sipusipu231,Yaman,Sharma,Unit-2,Patna
swastikp232,sipusipu232,Rahul,Chopra,Unit-4,Kolkata
swastikp233,sipusipu233,Adil,Kumar,Unit-6,Chennai
swastikp234,sipusipu234,Chris,Moody,Unit-9,Hyderabad
swastikp235,sipusipu235,Shravan,Adhikary,Unit-8,New Delhi
swastikp236,sipusipu236,Yudhajit,Tiwary,Unit-1,Bangalore
swastikp237,sipusipu237,Yaman,Sharma,Unit-2,Patna
swastikp238,sipusipu238,Rahul,Chopra,Unit-4,Kolkata
swastikp239,sipusipu239,Adil,Kumar,Unit-6,Chennai
swastikp240,sipusipu240,Chris,Moody,Unit-9,Hyderabad
swastikp241,sipusipu241,Yudhajit,Tiwary,Unit-1,Bangalore
swastikp242,sipusipu242,Yaman,Sharma,Unit-2,Patna
swastikp243,sipusipu243,Abhisek,Patil,Unit-3,Pune
swastikp244,sipusipu244,Adil,Kumar,Unit-6,Chennai
swastikp245,sipusipu245,Chris,Moody,Unit-9,Hyderabad
swastikp246,sipusipu246,Mamoon,Shaik,Unit-10,Mumbai
swastikp247,sipusipu247,Yudhajit,Tiwary,Unit-1,Bangalore
swastikp248,sipusipu248,Yaman,Sharma,Unit-2,Patna
swastikp249,sipusipu249,Abhisek,Patil,Unit-3,Pune
swastikp250,sipusipu250,Adil,Kumar,Unit-6,Chennai
swastikp251,sipusipu251,Chris,Moody,Unit-9,Hyderabad
swastikp252,sipusipu252,Mamoon,Shaik,Unit-10,Mumbai
swastikp253,sipusipu253,Yudhajit,Tiwary,Unit-1,Bangalore
swastikp254,sipusipu254,Yaman,Sharma,Unit-2,Patna
swastikp255,sipusipu255,Abhisek,Patil,Unit-3,Pune
swastikp256,sipusipu256,Adil,Kumar,Unit-6,Chennai
swastikp258,sipusipu258,Mamoon,Shaik,Unit-10,Mumbai
swastikp259,sipusipu259,Shravan,Adhikary,Unit-8,New Delhi
swastikp260,sipusipu260,Yudhajit,Tiwary,Unit-1,Bangalore
swastikp261,sipusipu261,Yaman,Sharma,Unit-2,Patna
swastikp262,sipusipu262,Rahul,Chopra,Unit-4,Kolkata
swastikp263,sipusipu263,Adil,Kumar,Unit-6,Chennai
swastikp264,sipusipu264,Chris,Moody,Unit-9,Hyderabad
swastikp265,sipusipu265,Shravan,Adhikary,Unit-8,New Delhi
swastikp266,sipusipu266,Yudhajit,Tiwary,Unit-1,Bangalore
swastikp267,sipusipu267,Yaman,Sharma,Unit-2,Patna
swastikp268,sipusipu268,Rahul,Chopra,Unit-4,Kolkata
swastikp269,sipusipu269,Adil,Kumar,Unit-6,Chennai
swastikp270,sipusipu270,Chris,Moody,Unit-9,Hyderabad
swastikp271,sipusipu271,Yudhajit,Tiwary,Unit-1,Bangalore
swastikp272,sipusipu272,Yaman,Sharma,Unit-2,Patna
swastikp273,sipusipu273,Abhisek,Patil,Unit-3,Pune
swastikp274,sipusipu274,Adil,Kumar,Unit-6,Chennai
swastikp275,sipusipu275,Chris,Moody,Unit-9,Hyderabad
swastikp276,sipusipu276,Mamoon,Shaik,Unit-10,Mumbai
swastikp277,sipusipu277,Yudhajit,Tiwary,Unit-1,Bangalore
swastikp278,sipusipu278,Yaman,Sharma,Unit-2,Patna
swastikp279,sipusipu279,Abhisek,Patil,Unit-3,Pune
swastikp280,sipusipu280,Adil,Kumar,Unit-6,Chennai
swastikp281,sipusipu281,Chris,Moody,Unit-9,Hyderabad
swastikp282,sipusipu282,Mamoon,Shaik,Unit-10,Mumbai
swastikp283,sipusipu283,Yudhajit,Tiwary,Unit-1,Bangalore
swastikp284,sipusipu284,Yaman,Sharma,Unit-2,Patna
swastikp285,sipusipu285,Abhisek,Patil,Unit-3,Pune
swastikp286,sipusipu286,Adil,Kumar,Unit-6,Chennai
swastikp289,sipusipu289,Shravan,Adhikary,Unit-8,New Delhi
swastikp290,sipusipu290,Yudhajit,Tiwary,Unit-1,Bangalore
swastikp291,sipusipu291,Yaman,Sharma,Unit-2,Patna
swastikp292,sipusipu292,Rahul,Chopra,Unit-4,Kolkata
swastikp293,sipusipu293,Adil,Kumar,Unit-6,Chennai
swastikp294,sipusipu294,Chris,Moody,Unit-9,Hyderabad
swastikp295,sipusipu295,Shravan,Adhikary,Unit-8,New Delhi
swastikp296,sipusipu296,Yudhajit,Tiwary,Unit-1,Bangalore
swastikp297,sipusipu297,Yaman,Sharma,Unit-2,Patna
swastikp298,sipusipu298,Rahul,Chopra,Unit-4,Kolkata
swastikp299,sipusipu299,Adil,Kumar,Unit-6,Chennai
swastikp300,sipusipu300,Chris,Moody,Unit-9,Hyderabad
swastikp301,sipusipu301,Yudhajit,Tiwary,Unit-1,Bangalore
swastikp302,sipusipu302,Yaman,Sharma,Unit-2,Patna
swastikp304,sipusipu304,Adil,Kumar,Unit-6,Chennai
swastikp305,sipusipu305,Chris,Moody,Unit-9,Hyderabad
swastikp306,sipusipu306,Mamoon,Shaik,Unit-10,Mumbai
swastikp307,sipusipu307,Yudhajit,Tiwary,Unit-1,Bangalore
swastikp308,sipusipu308,Yaman,Sharma,Unit-2,Patna
swastikp309,sipusipu309,Abhisek,Patil,Unit-3,Pune
swastikp310,sipusipu310,Adil,Kumar,Unit-6,Chennai
swastikp311,sipusipu311,Chris,Moody,Unit-9,Hyderabad
swastikp312,sipusipu312,Mamoon,Shaik,Unit-10,Mumbai
swastikp313,sipusipu313,Yudhajit,Tiwary,Unit-1,Bangalore
swastikp314,sipusipu314,Yaman,Sharma,Unit-2,Patna
swastikp315,sipusipu315,Abhisek,Patil,Unit-3,Pune
swastikp316,sipusipu316,Adil,Kumar,Unit-6,Chennai
swastikp317,sipusipu317,Chris,Moody,Unit-9,Hyderabad
swastikp318,sipusipu318,Mamoon,Shaik,Unit-10,Mumbai
swastikp319,sipusipu319,Shravan,Adhikary,Unit-8,New Delhi
swastikp320,sipusipu320,Yudhajit,Tiwary,Unit-1,Bangalore
swastikp321,sipusipu321,Yaman,Sharma,Unit-2,Patna
swastikp322,sipusipu322,Rahul,Chopra,Unit-4,Kolkata
swastikp323,sipusipu323,Adil,Kumar,Unit-6,Chennai
swastikp324,sipusipu324,Chris,Moody,Unit-9,Hyderabad
swastikp325,sipusipu325,Shravan,Adhikary,Unit-8,New Delhi
swastikp326,sipusipu326,Yudhajit,Tiwary,Unit-1,Bangalore
swastikp327,sipusipu327,Yaman,Sharma,Unit-2,Patna
swastikp328,sipusipu328,Rahul,Chopra,Unit-4,Kolkata
swastikp329,sipusipu329,Adil,Kumar,Unit-6,Chennai
swastikp330,sipusipu330,Chris,Moody,Unit-9,Hyderabad
swastikp331,sipusipu331,Yudhajit,Tiwary,Unit-1,Bangalore
swastikp332,sipusipu332,Yaman,Sharma,Unit-2,Patna
swastikp333,sipusipu333,Abhisek,Patil,Unit-3,Pune
swastikp334,sipusipu334,Adil,Kumar,Unit-6,Chennai
swastikp335,sipusipu335,Chris,Moody,Unit-9,Hyderabad
swastikp336,sipusipu336,Mamoon,Shaik,Unit-10,Mumbai
swastikp337,sipusipu337,Yudhajit,Tiwary,Unit-1,Bangalore
swastikp338,sipusipu338,Yaman,Sharma,Unit-2,Patna
swastikp339,sipusipu339,Abhisek,Patil,Unit-3,Pune
swastikp340,sipusipu340,Adil,Kumar,Unit-6,Chennai
swastikp341,sipusipu341,Chris,Moody,Unit-9,Hyderabad
swastikp342,sipusipu342,Mamoon,Shaik,Unit-10,Mumbai
swastikp343,sipusipu343,Yudhajit,Tiwary,Unit-1,Bangalore
swastikp344,sipusipu344,Yaman,Sharma,Unit-2,Patna
swastikp345,sipusipu345,Abhisek,Patil,Unit-3,Pune
swastikp346,sipusipu346,Adil,Kumar,Unit-6,Chennai
swastikp347,sipusipu347,Chris,Moody,Unit-9,Hyderabad
swastikp348,sipusipu348,Mamoon,Shaik,Unit-10,Mumbai
swastikp349,sipusipu349,Shravan,Adhikary,Unit-8,New Delhi
swastikp350,sipusipu350,Yudhajit,Tiwary,Unit-1,Bangalore
swastikp351,sipusipu351,Yaman,Sharma,Unit-2,Patna
swastikp352,sipusipu352,Rahul,Chopra,Unit-4,Kolkata
swastikp353,sipusipu353,Adil,Kumar,Unit-6,Chennai
swastikp354,sipusipu354,Chris,Moody,Unit-9,Hyderabad
swastikp355,sipusipu355,Shravan,Adhikary,Unit-8,New Delhi
swastikp356,sipusipu356,Yudhajit,Tiwary,Unit-1,Bangalore
swastikp357,sipusipu357,Yaman,Sharma,Unit-2,Patna
swastikp358,sipusipu358,Rahul,Chopra,Unit-4,Kolkata
swastikp359,sipusipu359,Adil,Kumar,Unit-6,Chennai
swastikp360,sipusipu360,Chris,Moody,Unit-9,Hyderabad
swastikp361,sipusipu361,Yudhajit,Tiwary,Unit-1,Bangalore
swastikp362,sipusipu362,Yaman,Sharma,Unit-2,Patna
swastikp363,sipusipu363,Abhisek,Patil,Unit-3,Pune
swastikp364,sipusipu364,Adil,Kumar,Unit-6,Chennai
swastikp365,sipusipu365,Chris,Moody,Unit-9,Hyderabad
swastikp366,sipusipu366,Mamoon,Shaik,Unit-10,Mumbai
swastikp367,sipusipu367,Yudhajit,Tiwary,Unit-1,Bangalore
swastikp368,sipusipu368,Yaman,Sharma,Unit-2,Patna
swastikp369,sipusipu369,Abhisek,Patil,Unit-3,Pune
swastikp370,sipusipu370,Adil,Kumar,Unit-6,Chennai
swastikp371,sipusipu371,Chris,Moody,Unit-9,Hyderabad
swastikp372,sipusipu372,Mamoon,Shaik,Unit-10,Mumbai
swastikp373,sipusipu373,Yudhajit,Tiwary,Unit-1,Bangalore
swastikp374,sipusipu374,Yaman,Sharma,Unit-2,Patna
swastikp375,sipusipu375,Abhisek,Patil,Unit-3,Pune
swastikp376,sipusipu376,Adil,Kumar,Unit-6,Chennai
swastikp377,sipusipu377,Chris,Moody,Unit-9,Hyderabad
swastikp378,sipusipu378,Mamoon,Shaik,Unit-10,Mumbai
swastikp379,sipusipu379,Shravan,Adhikary,Unit-8,New Delhi
swastikp380,sipusipu380,Yudhajit,Tiwary,Unit-1,Bangalore
swastikp381,sipusipu381,Yaman,Sharma,Unit-2,Patna
swastikp382,sipusipu382,Rahul,Chopra,Unit-4,Kolkata
swastikp383,sipusipu383,Adil,Kumar,Unit-6,Chennai
swastikp384,sipusipu384,Chris,Moody,Unit-9,Hyderabad
swastikp385,sipusipu385,Shravan,Adhikary,Unit-8,New Delhi
swastikp386,sipusipu386,Yudhajit,Tiwary,Unit-1,Bangalore
swastikp387,sipusipu387,Yaman,Sharma,Unit-2,Patna
swastikp388,sipusipu388,Rahul,Chopra,Unit-4,Kolkata
swastikp389,sipusipu389,Adil,Kumar,Unit-6,Chennai
swastikp390,sipusipu390,Chris,Moody,Unit-9,Hyderabad
swastikp391,sipusipu391,Yudhajit,Tiwary,Unit-1,Bangalore
swastikp392,sipusipu392,Yaman,Sharma,Unit-2,Patna
swastikp393,sipusipu393,Abhisek,Patil,Unit-3,Pune
swastikp394,sipusipu394,Adil,Kumar,Unit-6,Chennai
swastikp395,sipusipu395,Chris,Moody,Unit-9,Hyderabad
swastikp396,sipusipu396,Mamoon,Shaik,Unit-10,Mumbai
swastikp397,sipusipu397,Yudhajit,Tiwary,Unit-1,Bangalore
swastikp398,sipusipu398,Yaman,Sharma,Unit-2,Patna
swastikp399,sipusipu399,Abhisek,Patil,Unit-3,Pune
swastikp400,sipusipu400,Adil,Kumar,Unit-6,Chennai
swastikp401,sipusipu401,Chris,Moody,Unit-9,Hyderabad
swastikp402,sipusipu402,Mamoon,Shaik,Unit-10,Mumbai
swastikp403,sipusipu403,Yudhajit,Tiwary,Unit-1,Bangalore
swastikp404,sipusipu404,Yaman,Sharma,Unit-2,Patna
swastikp405,sipusipu405,Abhisek,Patil,Unit-3,Pune
swastikp406,sipusipu406,Adil,Kumar,Unit-6,Chennai
swastikp407,sipusipu407,Chris,Moody,Unit-9,Hyderabad
swastikp408,sipusipu408,Mamoon,Shaik,Unit-10,Mumbai
swastikp409,sipusipu409,Shravan,Adhikary,Unit-8,New Delhi
swastikp410,sipusipu410,Yudhajit,Tiwary,Unit-1,Bangalore
swastikp411,sipusipu411,Yaman,Sharma,Unit-2,Patna
swastikp412,sipusipu412,Rahul,Chopra,Unit-4,Kolkata
swastikp413,sipusipu413,Adil,Kumar,Unit-6,Chennai
swastikp414,sipusipu414,Chris,Moody,Unit-9,Hyderabad
swastikp415,sipusipu415,Shravan,Adhikary,Unit-8,New Delhi
swastikp416,sipusipu416,Yudhajit,Tiwary,Unit-1,Bangalore
swastikp417,sipusipu417,Yaman,Sharma,Unit-2,Patna
swastikp418,sipusipu418,Rahul,Chopra,Unit-4,Kolkata
swastikp419,sipusipu419,Adil,Kumar,Unit-6,Chennai
swastikp420,sipusipu420,Chris,Moody,Unit-9,Hyderabad
swastikp421,sipusipu421,Yudhajit,Tiwary,Unit-1,Bangalore
swastikp422,sipusipu422,Yaman,Sharma,Unit-2,Patna
swastikp423,sipusipu423,Abhisek,Patil,Unit-3,Pune
swastikp424,sipusipu424,Adil,Kumar,Unit-6,Chennai
swastikp425,sipusipu425,Chris,Moody,Unit-9,Hyderabad
swastikp426,sipusipu426,Mamoon,Shaik,Unit-10,Mumbai
swastikp427,sipusipu427,Yudhajit,Tiwary,Unit-1,Bangalore
swastikp428,sipusipu428,Yaman,Sharma,Unit-2,Patna
swastikp429,sipusipu429,Abhisek,Patil,Unit-3,Pune
swastikp430,sipusipu430,Adil,Kumar,Unit-6,Chennai
swastikp431,sipusipu431,Chris,Moody,Unit-9,Hyderabad
swastikp432,sipusipu432,Mamoon,Shaik,Unit-10,Mumbai
swastikp433,sipusipu433,Yudhajit,Tiwary,Unit-1,Bangalore
swastikp434,sipusipu434,Yaman,Sharma,Unit-2,Patna
swastikp435,sipusipu435,Abhisek,Patil,Unit-3,Pune
swastikp436,sipusipu436,Adil,Kumar,Unit-6,Chennai
swastikp437,sipusipu437,Chris,Moody,Unit-9,Hyderabad
swastikp438,sipusipu438,Mamoon,Shaik,Unit-10,Mumbai
swastikp439,sipusipu439,Shravan,Adhikary,Unit-8,New Delhi
swastikp440,sipusipu440,Yudhajit,Tiwary,Unit-1,Bangalore
swastikp441,sipusipu441,Yaman,Sharma,Unit-2,Patna
swastikp442,sipusipu442,Rahul,Chopra,Unit-4,Kolkata
swastikp443,sipusipu443,Adil,Kumar,Unit-6,Chennai
swastikp444,sipusipu444,Chris,Moody,Unit-9,Hyderabad
swastikp445,sipusipu445,Shravan,Adhikary,Unit-8,New Delhi
swastikp446,sipusipu446,Yudhajit,Tiwary,Unit-1,Bangalore
swastikp447,sipusipu447,Yaman,Sharma,Unit-2,Patna
swastikp448,sipusipu448,Rahul,Chopra,Unit-4,Kolkata
swastikp449,sipusipu449,Adil,Kumar,Unit-6,Chennai
swastikp450,sipusipu450,Chris,Moody,Unit-9,Hyderabad
swastikp451,sipusipu451,Yudhajit,Tiwary,Unit-1,Bangalore
swastikp452,sipusipu452,Yaman,Sharma,Unit-2,Patna
swastikp453,sipusipu453,Abhisek,Patil,Unit-3,Pune
swastikp454,sipusipu454,Adil,Kumar,Unit-6,Chennai
swastikp455,sipusipu455,Chris,Moody,Unit-9,Hyderabad
swastikp456,sipusipu456,Mamoon,Shaik,Unit-10,Mumbai
swastikp457,sipusipu457,Yudhajit,Tiwary,Unit-1,Bangalore
swastikp458,sipusipu458,Yaman,Sharma,Unit-2,Patna
swastikp459,sipusipu459,Abhisek,Patil,Unit-3,Pune
swastikp460,sipusipu460,Adil,Kumar,Unit-6,Chennai
swastikp461,sipusipu461,Yudhajit,Tiwary,Unit-1,Bangalore
swastikp462,sipusipu462,Yaman,Sharma,Unit-2,Patna
swastikp463,sipusipu463,Abhisek,Patil,Unit-3,Pune
swastikp464,sipusipu464,Adil,Kumar,Unit-6,Chennai
swastikp465,sipusipu465,Chris,Moody,Unit-9,Hyderabad
swastikp466,sipusipu466,Mamoon,Shaik,Unit-10,Mumbai
swastikp467,sipusipu467,Yudhajit,Tiwary,Unit-1,Bangalore
swastikp468,sipusipu468,Yaman,Sharma,Unit-2,Patna
swastikp469,sipusipu469,Abhisek,Patil,Unit-3,Pune
swastikp470,sipusipu470,Adil,Kumar,Unit-6,Chennai
swastikp471,sipusipu471,Chris,Moody,Unit-9,Hyderabad
swastikp472,sipusipu472,Mamoon,Shaik,Unit-10,Mumbai
swastikp473,sipusipu473,Yudhajit,Tiwary,Unit-1,Bangalore
swastikp474,sipusipu474,Yaman,Sharma,Unit-2,Patna
swastikp475,sipusipu475,Abhisek,Patil,Unit-3,Pune
swastikp476,sipusipu476,Adil,Kumar,Unit-6,Chennai
swastikp477,sipusipu477,Chris,Moody,Unit-9,Hyderabad
swastikp478,sipusipu478,Mamoon,Shaik,Unit-10,Mumbai
swastikp479,sipusipu479,Shravan,Adhikary,Unit-8,New Delhi
swastikp480,sipusipu480,Yudhajit,Tiwary,Unit-1,Bangalore
swastikp481,sipusipu481,Yaman,Sharma,Unit-2,Patna
swastikp482,sipusipu482,Rahul,Chopra,Unit-4,Kolkata
swastikp483,sipusipu483,Adil,Kumar,Unit-6,Chennai
swastikp484,sipusipu484,Chris,Moody,Unit-9,Hyderabad
swastikp485,sipusipu485,Shravan,Adhikary,Unit-8,New Delhi
swastikp486,sipusipu486,Yudhajit,Tiwary,Unit-1,Bangalore
swastikp487,sipusipu487,Yaman,Sharma,Unit-2,Patna
swastikp488,sipusipu488,Rahul,Chopra,Unit-4,Kolkata
swastikp489,sipusipu489,Adil,Kumar,Unit-6,Chennai
swastikp490,sipusipu490,Chris,Moody,Unit-9,Hyderabad
swastikp491,sipusipu491,Yudhajit,Tiwary,Unit-1,Bangalore
swastikp492,sipusipu492,Yaman,Sharma,Unit-2,Patna
swastikp493,sipusipu493,Abhisek,Patil,Unit-3,Pune
swastikp494,sipusipu494,Adil,Kumar,Unit-6,Chennai
swastikp495,sipusipu495,Chris,Moody,Unit-9,Hyderabad
swastikp496,sipusipu496,Mamoon,Shaik,Unit-10,Mumbai
swastikp497,sipusipu497,Yudhajit,Tiwary,Unit-1,Bangalore
swastikp498,sipusipu498,Yaman,Sharma,Unit-2,Patna
swastikp499,sipusipu499,Abhisek,Patil,Unit-3,Pune
swastikp500,sipusipu500,Adil,Kumar,Unit-6,Chennai
swastikp501,sipusipu501,Chris,Moody,Unit-9,Hyderabad
swastikp502,sipusipu502,Mamoon,Shaik,Unit-10,Mumbai
swastikp503,sipusipu503,Yudhajit,Tiwary,Unit-1,Bangalore
swastikp504,sipusipu504,Yaman,Sharma,Unit-2,Patna
swastikp505,sipusipu505,Abhisek,Patil,Unit-3,Pune
swastikp506,sipusipu506,Adil,Kumar,Unit-6,Chennai
swastikp507,sipusipu507,Chris,Moody,Unit-9,Hyderabad
swastikp508,sipusipu508,Mamoon,Shaik,Unit-10,Mumbai
swastikp509,sipusipu509,Shravan,Adhikary,Unit-8,New Delhi
swastikp510,sipusipu510,Yudhajit,Tiwary,Unit-1,Bangalore
swastikp511,sipusipu511,Yaman,Sharma,Unit-2,Patna
swastikp512,sipusipu512,Rahul,Chopra,Unit-4,Kolkata
swastikp513,sipusipu513,Adil,Kumar,Unit-6,Chennai
swastikp514,sipusipu514,Chris,Moody,Unit-9,Hyderabad
swastikp515,sipusipu515,Shravan,Adhikary,Unit-8,New Delhi
swastikp516,sipusipu516,Yudhajit,Tiwary,Unit-1,Bangalore
swastikp517,sipusipu517,Yaman,Sharma,Unit-2,Patna
swastikp518,sipusipu518,Rahul,Chopra,Unit-4,Kolkata
swastikp519,sipusipu519,Adil,Kumar,Unit-6,Chennai
swastikp520,sipusipu520,Chris,Moody,Unit-9,Hyderabad
swastikp521,sipusipu521,Yudhajit,Tiwary,Unit-1,Bangalore
swastikp522,sipusipu522,Yaman,Sharma,Unit-2,Patna
swastikp523,sipusipu523,Abhisek,Patil,Unit-3,Pune
swastikp524,sipusipu524,Adil,Kumar,Unit-6,Chennai
swastikp525,sipusipu525,Chris,Moody,Unit-9,Hyderabad
swastikp526,sipusipu526,Mamoon,Shaik,Unit-10,Mumbai
swastikp527,sipusipu527,Yudhajit,Tiwary,Unit-1,Bangalore
swastikp528,sipusipu528,Yaman,Sharma,Unit-2,Patna
swastikp529,sipusipu529,Abhisek,Patil,Unit-3,Pune
swastikp530,sipusipu530,Adil,Kumar,Unit-6,Chennai
swastikp531,sipusipu531,Chris,Moody,Unit-9,Hyderabad
swastikp532,sipusipu532,Mamoon,Shaik,Unit-10,Mumbai
swastikp533,sipusipu533,Yudhajit,Tiwary,Unit-1,Bangalore
swastikp534,sipusipu534,Yaman,Sharma,Unit-2,Patna
swastikp535,sipusipu535,Abhisek,Patil,Unit-3,Pune
swastikp536,sipusipu536,Adil,Kumar,Unit-6,Chennai
swastikp537,sipusipu537,Chris,Moody,Unit-9,Hyderabad
swastikp538,sipusipu538,Mamoon,Shaik,Unit-10,Mumbai
swastikp539,sipusipu539,Shravan,Adhikary,Unit-8,New Delhi
swastikp540,sipusipu540,Yudhajit,Tiwary,Unit-1,Bangalore
swastikp541,sipusipu541,Yaman,Sharma,Unit-2,Patna
swastikp542,sipusipu542,Rahul,Chopra,Unit-4,Kolkata
swastikp543,sipusipu543,Adil,Kumar,Unit-6,Chennai
swastikp544,sipusipu544,Chris,Moody,Unit-9,Hyderabad
swastikp545,sipusipu545,Shravan,Adhikary,Unit-8,New Delhi
swastikp546,sipusipu546,Yudhajit,Tiwary,Unit-1,Bangalore
swastikp547,sipusipu547,Yaman,Sharma,Unit-2,Patna
swastikp548,sipusipu548,Rahul,Chopra,Unit-4,Kolkata
swastikp549,sipusipu549,Adil,Kumar,Unit-6,Chennai
swastikp550,sipusipu550,Chris,Moody,Unit-9,Hyderabad
swastikp551,sipusipu551,Yudhajit,Tiwary,Unit-1,Bangalore
swastikp552,sipusipu552,Yaman,Sharma,Unit-2,Patna
swastikp553,sipusipu553,Abhisek,Patil,Unit-3,Pune
swastikp554,sipusipu554,Adil,Kumar,Unit-6,Chennai
swastikp555,sipusipu555,Chris,Moody,Unit-9,Hyderabad
swastikp556,sipusipu556,Mamoon,Shaik,Unit-10,Mumbai
swastikp557,sipusipu557,Yudhajit,Tiwary,Unit-1,Bangalore
swastikp558,sipusipu558,Yaman,Sharma,Unit-2,Patna
swastikp559,sipusipu559,Abhisek,Patil,Unit-3,Pune
swastikp560,sipusipu560,Adil,Kumar,Unit-6,Chennai
swastikp561,sipusipu561,Yudhajit,Tiwary,Unit-1,Bangalore
swastikp562,sipusipu562,Yaman,Sharma,Unit-2,Patna
swastikp563,sipusipu563,Abhisek,Patil,Unit-3,Pune
swastikp564,sipusipu564,Adil,Kumar,Unit-6,Chennai
swastikp565,sipusipu565,Chris,Moody,Unit-9,Hyderabad
swastikp566,sipusipu566,Mamoon,Shaik,Unit-10,Mumbai
swastikp567,sipusipu567,Yudhajit,Tiwary,Unit-1,Bangalore
swastikp568,sipusipu568,Yaman,Sharma,Unit-2,Patna
swastikp569,sipusipu569,Abhisek,Patil,Unit-3,Pune
swastikp570,sipusipu570,Adil,Kumar,Unit-6,Chennai
swastikp571,sipusipu571,Chris,Moody,Unit-9,Hyderabad
swastikp572,sipusipu572,Mamoon,Shaik,Unit-10,Mumbai
swastikp573,sipusipu573,Yudhajit,Tiwary,Unit-1,Bangalore
swastikp574,sipusipu574,Yaman,Sharma,Unit-2,Patna
swastikp575,sipusipu575,Abhisek,Patil,Unit-3,Pune
swastikp576,sipusipu576,Adil,Kumar,Unit-6,Chennai
swastikp577,sipusipu577,Chris,Moody,Unit-9,Hyderabad
swastikp578,sipusipu578,Mamoon,Shaik,Unit-10,Mumbai
swastikp579,sipusipu579,Shravan,Adhikary,Unit-8,New Delhi
swastikp580,sipusipu580,Yudhajit,Tiwary,Unit-1,Bangalore
swastikp581,sipusipu581,Yaman,Sharma,Unit-2,Patna
swastikp582,sipusipu582,Rahul,Chopra,Unit-4,Kolkata
swastikp583,sipusipu583,Adil,Kumar,Unit-6,Chennai
swastikp584,sipusipu584,Chris,Moody,Unit-9,Hyderabad
swastikp585,sipusipu585,Shravan,Adhikary,Unit-8,New Delhi
swastikp586,sipusipu586,Yudhajit,Tiwary,Unit-1,Bangalore
swastikp587,sipusipu587,Yaman,Sharma,Unit-2,Patna
swastikp588,sipusipu588,Rahul,Chopra,Unit-4,Kolkata
swastikp589,sipusipu589,Adil,Kumar,Unit-6,Chennai
swastikp590,sipusipu590,Chris,Moody,Unit-9,Hyderabad
swastikp591,sipusipu591,Yudhajit,Tiwary,Unit-1,Bangalore
swastikp592,sipusipu592,Yaman,Sharma,Unit-2,Patna
swastikp593,sipusipu593,Abhisek,Patil,Unit-3,Pune
swastikp594,sipusipu594,Adil,Kumar,Unit-6,Chennai
swastikp595,sipusipu595,Chris,Moody,Unit-9,Hyderabad
swastikp596,sipusipu596,Mamoon,Shaik,Unit-10,Mumbai
swastikp597,sipusipu597,Yudhajit,Tiwary,Unit-1,Bangalore
swastikp598,sipusipu598,Yaman,Sharma,Unit-2,Patna
swastikp599,sipusipu599,Abhisek,Patil,Unit-3,Pune
swastikp600,sipusipu600,Adil,Kumar,Unit-6,Chennai
swastikp601,sipusipu601,Chris,Moody,Unit-9,Hyderabad
swastikp602,sipusipu602,Mamoon,Shaik,Unit-10,Mumbai
swastikp603,sipusipu603,Yudhajit,Tiwary,Unit-1,Bangalore
swastikp604,sipusipu604,Yaman,Sharma,Unit-2,Patna
swastikp605,sipusipu605,Abhisek,Patil,Unit-3,Pune
swastikp606,sipusipu606,Adil,Kumar,Unit-6,Chennai
swastikp607,sipusipu607,Chris,Moody,Unit-9,Hyderabad
swastikp608,sipusipu608,Mamoon,Shaik,Unit-10,Mumbai
swastikp609,sipusipu609,Shravan,Adhikary,Unit-8,New Delhi
swastikp610,sipusipu610,Yudhajit,Tiwary,Unit-1,Bangalore
swastikp611,sipusipu611,Yaman,Sharma,Unit-2,Patna
swastikp612,sipusipu612,Rahul,Chopra,Unit-4,Kolkata
swastikp613,sipusipu613,Adil,Kumar,Unit-6,Chennai
swastikp614,sipusipu614,Chris,Moody,Unit-9,Hyderabad
swastikp615,sipusipu615,Shravan,Adhikary,Unit-8,New Delhi
swastikp616,sipusipu616,Yudhajit,Tiwary,Unit-1,Bangalore
swastikp617,sipusipu617,Yaman,Sharma,Unit-2,Patna
swastikp618,sipusipu618,Rahul,Chopra,Unit-4,Kolkata
swastikp619,sipusipu619,Adil,Kumar,Unit-6,Chennai
swastikp620,sipusipu620,Chris,Moody,Unit-9,Hyderabad
